arm,x_set,y_set,z_set
right,0.2575,-0.354166667,0.8
left,0.31,0.145833333,0.8
right,0.31,-0.354166667,0.8
left,0.205,-0.0625,0.8
right,0.2575,-0.5625,0.8
left,0.1525,0.5625,0.8
right,0.415,-0.354166667,0.8
left,0.3625,0.25,0.8
right,0.3625,-0.354166667,0.8
left,0.31,0.354166667,0.8
